epoch,global_step,lr_abs,step,train/loss_simple_step,train/loss_step,train/loss_vlb_step
0,49.0,4.900995165257882e-09,49,0.7970637679100037,0.7970637679100037,0.004665051586925983
0,99.0,9.900990249889219e-09,99,0.7972247004508972,0.7972247004508972,0.0039261565543711185
0,149.0,1.4900985334520556e-08,149,0.7975805401802063,0.7975805401802063,0.005296370014548302
0,199.0,1.9900980419151892e-08,199,0.7971411347389221,0.7971411347389221,0.005527299828827381
0,249.0,2.490097550378323e-08,249,0.7979428768157959,0.7979428768157959,0.054748114198446274
0,299.0,2.9900970588414566e-08,299,0.7978043556213379,0.7978043556213379,0.0045977430418133736
0,349.0,3.40099659545956e-09,349,0.7978447675704956,0.7978447675704956,0.004720656201243401
