epoch,global_step,lr_abs,step,train/loss_simple_step,train/loss_step,train/loss_vlb_step
0,49.0,4.900995165257882e-09,49,0.7957795858383179,0.7957795858383179,0.004906459245830774
0,99.0,9.900990249889219e-09,99,0.7979520559310913,0.7979520559310913,0.013395404443144798
0,149.0,1.4900985334520556e-08,149,0.7976680397987366,0.7976680397987366,0.006944851018488407
0,199.0,1.9900980419151892e-08,199,0.7976343035697937,0.7976343035697937,0.00840570218861103
0,249.0,2.490097550378323e-08,249,0.7964773178100586,0.7964773178100586,0.004020676016807556
