epoch,step,train/d_weight_step,train/disc_factor_step,train/disc_loss_step,train/g_loss_step,train/logits_fake_step,train/logits_real_step,train/nll_loss_step,train/p_loss_step,train/quant_loss_step,train/rec_loss_step,train/total_loss_step
0,49,420.572021484375,1.0,0.9999931454658508,-0.0561857707798481,0.0561857707798481,0.056199558079242706,0.045573607087135315,0.030156664550304413,0.005407629068940878,0.045573607087135315,-23.579181671142578
0,99,58.486026763916016,1.0,0.9999924898147583,-0.03704674169421196,0.03704674169421196,0.03706183284521103,0.04148062318563461,0.030927924439311028,0.005987965501844883,0.04148062318563461,-2.119248390197754
