epoch,global_step,lr_abs,step,train/loss_simple_step,train/loss_step,train/loss_vlb_step
0,49.0,4.900995165257882e-09,49,0.7997528314590454,0.7997528314590454,0.004734446294605732
0,99.0,9.900990249889219e-09,99,0.7985454201698303,0.7985454201698303,0.004013993311673403
